potential_donor_id,latitude,longitude,abo,rhd,contacted_status,signup_date,source,email,phone
POT000001,17.515785650650383,78.4857245138589,,,not-contacted,2026-03-24,synthetic,user02@example.com,+917178681781
POT000002,17.423705678649284,78.50156665829991,B,pos,not-contacted,2024-08-20,synthetic,user12@gmail.com,+918645168536
POT000003,17.421431671216233,78.38369007302074,O,pos,not-contacted,2025-06-08,synthetic,user23@yahoo.co.in,+918843370832
POT000004,17.36360043076486,78.45312368295414,B,pos,not-contacted,2024-10-06,synthetic,user33@outlook.com,+918301842673
POT000005,17.482516835924987,78.48135271737009,,,not-contacted,2025-11-29,synthetic,user42@example.com,+917655618634
POT000006,18.789785517289932,78.48678284617644,AB,pos,not-contacted,2024-07-28,synthetic,user52@gmail.com,+919444910760
POT000007,17.422852940663034,72.81669821619029,,,not-contacted,2025-01-13,synthetic,user63@yahoo.co.in,+918926096926
POT000008,17.428024442242858,78.46213586943581,A,neg,not-contacted,2026-01-26,synthetic,user73@outlook.com,+917292129527
POT000009,17.382923852699008,78.47613910618394,,,not-contacted,2025-02-07,synthetic,user82@example.com,+916406908090
POT000010,17.403399537733442,72.83296759906835,,,not-contacted,2024-12-07,synthetic,user92@gmail.com,+917581522593
POT000011,17.495180357550534,78.50043200999389,,,not-contacted,2026-01-31,synthetic,user103@yahoo.co.in,+918287599060
POT000012,21.16845382225702,78.45534388558644,B,pos,not-contacted,2025-12-13,synthetic,user113@outlook.com,+918113305181
POT000013,17.50292956719814,78.45442808766269,AB,pos,not-contacted,2024-07-26,synthetic,user122@example.com,+918841326149
POT000014,17.40698432617137,78.45565930535372,,,not-contacted,2025-07-15,synthetic,user132@gmail.com,+918042513364
POT000015,17.08193006232941,78.49936074417919,,,not-contacted,2024-11-20,synthetic,user143@yahoo.co.in,+919093562789
POT000016,14.682915144204179,78.23503391650773,B,pos,not-contacted,2024-12-07,synthetic,user153@outlook.com,+917379562209
POT000017,17.3834716536469,78.53536404031635,B,pos,not-contacted,2025-03-16,synthetic,user162@example.com,+917502000743
POT000018,17.403289652231187,72.86552183187607,O,pos,not-contacted,2024-10-06,synthetic,user172@gmail.com,+916741931262
POT000019,17.41643147922388,78.44465477865378,O,pos,not-contacted,2026-03-23,synthetic,user183@yahoo.co.in,+916916502820
POT000020,17.412298103705407,78.48620619446004,B,pos,not-contacted,2025-09-05,synthetic,user193@outlook.com,+916669890936
POT000021,17.372831169817232,78.46154762938272,O,pos,not-contacted,2025-05-04,synthetic,user202@example.com,+917289853309
POT000022,17.385090220943905,78.6114782133028,A,pos,not-contacted,2025-11-25,synthetic,user212@gmail.com,+917624836260
POT000023,17.3785654200945,78.48139701003147,B,pos,not-contacted,2024-08-14,synthetic,user223@yahoo.co.in,+919367064999
POT000024,17.405363635513606,78.48526511089835,A,pos,not-contacted,2024-06-24,synthetic,user233@outlook.com,+919573705334
POT000025,17.376837435114613,78.57248264697742,,,not-contacted,2024-09-25,synthetic,user242@example.com,+918264199603
POT000026,17.364497962206286,78.48487170662135,,,not-contacted,2026-01-30,synthetic,user252@gmail.com,+916831122212
POT000027,17.441530586005758,77.59061465371693,B,pos,not-contacted,2024-07-12,synthetic,user263@yahoo.co.in,+918299559126
POT000028,17.391913092849904,78.43616280898304,A,pos,not-contacted,2025-12-25,synthetic,user273@outlook.com,+916120481826
POT000029,17.391013198789956,78.44287518939872,O,pos,not-contacted,2024-08-30,synthetic,user282@example.com,+919278870754
POT000030,17.395000099842637,78.48233005719682,B,pos,not-contacted,2026-01-02,synthetic,user292@gmail.com,+918112789142
POT000031,17.415163183665527,78.45062081496968,,,not-contacted,2025-02-04,synthetic,user303@yahoo.co.in,+917007908643
POT000032,17.409774790106486,78.45596806577353,,,not-contacted,2025-06-26,synthetic,user313@outlook.com,+918219738946
POT000033,17.401050080846407,79.05420797679731,B,pos,not-contacted,2026-01-23,synthetic,user322@example.com,+917675124570
POT000034,17.363799773860826,78.595971065313,B,pos,not-contacted,2026-02-24,synthetic,user332@gmail.com,+916677253628
POT000035,17.410034405436363,79.07833682816405,AB,pos,not-contacted,2025-09-26,synthetic,user343@yahoo.co.in,+919040203945
POT000036,17.386997529214007,79.13885082222792,O,pos,not-contacted,2024-10-03,synthetic,user353@outlook.com,+918664699600
POT000037,17.367213629840734,78.4998087029441,O,pos,not-contacted,2024-12-22,synthetic,user362@example.com,+916401726283
POT000038,17.50734506312981,78.44283512511375,O,pos,not-contacted,2025-03-09,synthetic,user372@gmail.com,+919245264811
POT000039,17.375828433894306,78.46648458714758,,,not-contacted,2026-04-04,synthetic,user383@yahoo.co.in,+916888967241
POT000040,17.411048701272627,78.48426606401135,,,not-contacted,2026-05-24,synthetic,user393@outlook.com,+919460714709
POT000041,17.385545655760207,78.47378676313974,B,neg,not-contacted,2024-09-03,synthetic,user402@example.com,+919528120526
POT000042,17.409734535509973,78.6236056908502,,,not-contacted,2026-05-07,synthetic,user412@gmail.com,+916175975940
POT000043,17.409624745371055,78.47807497386916,O,pos,not-contacted,2026-02-05,synthetic,user423@yahoo.co.in,+918756603883
POT000044,17.41174261503131,78.22861918116779,O,pos,not-contacted,2024-07-13,synthetic,user433@outlook.com,+916042876124
POT000045,13.079673892022003,78.43964336797225,,,not-contacted,2025-09-06,synthetic,user442@example.com,+916875756726
POT000046,17.386988945342004,78.46861851834645,O,pos,not-contacted,2024-07-10,synthetic,user452@gmail.com,+916849425847
POT000047,17.39847467354456,78.49600051268453,B,pos,not-contacted,2026-03-03,synthetic,user463@yahoo.co.in,+919879274923
POT000048,17.38955102533176,78.60630524215101,B,pos,not-contacted,2026-04-23,synthetic,user473@outlook.com,+916274564829
POT000049,17.402686346269565,72.84394597727176,O,pos,not-contacted,2025-10-20,synthetic,user482@example.com,+917106438362
POT000050,17.400212888573844,78.45915314058995,,,not-contacted,2024-09-13,synthetic,user492@gmail.com,+919844556723
POT000051,17.396135651042666,78.46437851963226,B,pos,not-contacted,2024-10-30,synthetic,user503@yahoo.co.in,+918472944137
POT000052,17.39092373500992,78.47706189186958,B,pos,not-contacted,2025-11-19,synthetic,user513@outlook.com,+919820951494
POT000053,18.933588772195478,78.30521234257593,O,pos,not-contacted,2025-05-08,synthetic,user522@example.com,+916609338525
POT000054,21.147394887533387,78.49181462446909,A,pos,not-contacted,2024-11-19,synthetic,user532@gmail.com,+918593993557
POT000055,17.401897068610033,78.46299436207221,O,pos,not-contacted,2025-04-09,synthetic,user543@yahoo.co.in,+916036049650
POT000056,17.398644655568596,78.45661830234464,O,pos,not-contacted,2025-08-29,synthetic,user553@outlook.com,+918039307891
POT000057,17.387088631275553,78.53995874155247,,,not-contacted,2025-09-10,synthetic,user562@example.com,+918916343111
POT000058,17.40702887244065,79.06116012736051,,,not-contacted,2025-03-24,synthetic,user572@gmail.com,+917015674097
POT000059,13.0494522099997,79.11050588510929,,,not-contacted,2025-03-17,synthetic,user583@yahoo.co.in,+919762064383
POT000060,17.404108982994178,78.527394961256,O,pos,not-contacted,2026-04-22,synthetic,user593@outlook.com,+916754279867
POT000061,13.235000439933827,78.05949618547425,AB,pos,not-contacted,2024-12-01,synthetic,user602@example.com,+916040954902
POT000062,17.405263549104703,78.46224830127866,,,not-contacted,2024-10-12,synthetic,user612@gmail.com,+918533882932
POT000063,17.39286961259666,78.44983594200127,O,pos,not-contacted,2025-03-04,synthetic,user623@yahoo.co.in,+916281845362
POT000064,17.41893503657593,78.4440775823469,B,pos,not-contacted,2025-01-30,synthetic,user633@outlook.com,+916647847990
POT000065,17.410616439377012,78.49069984596835,AB,pos,not-contacted,2026-01-15,synthetic,user642@example.com,+919416640130
POT000066,17.373010112416594,79.29264590554766,B,pos,not-contacted,2026-04-10,synthetic,user652@gmail.com,+916276802840
POT000067,17.378693103845077,78.43694531873118,A,pos,not-contacted,2026-04-14,synthetic,user663@yahoo.co.in,+919199667912
POT000068,17.402088918810005,78.5936788378614,B,pos,not-contacted,2024-12-27,synthetic,user673@outlook.com,+916846776137
POT000069,17.39329402331918,78.47576640176345,,,not-contacted,2025-11-01,synthetic,user682@example.com,+917514520229
POT000070,17.412336894518706,78.45698695775522,B,pos,not-contacted,2025-04-27,synthetic,user692@gmail.com,+919126234566
POT000071,19.072934635797168,78.48295695736597,O,pos,not-contacted,2025-05-01,synthetic,user703@yahoo.co.in,+919625774193
POT000072,17.404357501225135,78.52539604037175,B,pos,not-contacted,2025-12-20,synthetic,user713@outlook.com,+916343550688
POT000073,17.386907701230477,78.48368151306573,AB,pos,not-contacted,2025-08-16,synthetic,user722@example.com,+917114874284
POT000074,17.369668757574594,78.48879171256576,,,not-contacted,2025-10-11,synthetic,user732@gmail.com,+919182744544
POT000075,17.39985466113609,78.01949925943008,AB,pos,not-contacted,2025-01-25,synthetic,user743@yahoo.co.in,+916434679929
POT000076,17.40044963137128,78.44249974149793,O,pos,not-contacted,2024-11-09,synthetic,user753@outlook.com,+916295988406
POT000077,17.390312221440045,78.32313705178302,O,pos,not-contacted,2024-11-07,synthetic,user762@example.com,+917291188427
POT000078,17.408889909110076,78.44910557318082,AB,pos,not-contacted,2024-06-18,synthetic,user772@gmail.com,+917444834366
POT000079,17.48263672981203,78.45629472693959,,,not-contacted,2026-03-20,synthetic,user783@yahoo.co.in,+916089921318
POT000080,13.056964194350975,78.83206134564409,,,not-contacted,2024-10-23,synthetic,user793@outlook.com,+919317696278
POT000081,17.41227193921974,78.45289459217354,A,pos,not-contacted,2025-08-19,synthetic,user802@example.com,+916043376732
POT000082,31.39663387525929,72.8337273166864,,,not-contacted,2024-12-01,synthetic,user812@gmail.com,+919786826980
POT000083,17.508922839902198,78.47148268344715,,,not-contacted,2025-04-09,synthetic,user823@yahoo.co.in,+918685162609
POT000084,17.410557600890133,78.05497503374673,,,not-contacted,2024-10-10,synthetic,user833@outlook.com,+919673337886
POT000085,17.376685278075456,78.46405875156022,B,pos,not-contacted,2025-09-12,synthetic,user842@example.com,+919307607260
POT000086,19.479236114063553,78.46542509464749,O,pos,not-contacted,2026-03-10,synthetic,user852@gmail.com,+918148922391
POT000087,17.437727417262685,78.44082484501713,,,not-contacted,2025-06-14,synthetic,user863@yahoo.co.in,+918413065496
POT000088,17.403515402713083,77.3637789355643,B,pos,not-contacted,2024-06-16,synthetic,user873@outlook.com,+916520766237
POT000089,17.3777131443785,78.48014671434453,A,pos,not-contacted,2024-06-18,synthetic,user882@example.com,+919708904482
POT000090,17.37289831291933,78.46333292566274,O,pos,not-contacted,2025-04-11,synthetic,user892@gmail.com,+917754439414
POT000091,17.36297977008979,79.24643809546424,,,not-contacted,2024-10-22,synthetic,user903@yahoo.co.in,+917122345182
POT000092,17.401513946303663,78.49137279810925,O,pos,not-contacted,2025-11-26,synthetic,user913@outlook.com,+917349605154
POT000093,17.482362313256882,78.48309180993023,,,not-contacted,2025-07-01,synthetic,user922@example.com,+917011507220
POT000094,18.43779863244863,78.48463810860574,,,not-contacted,2025-11-29,synthetic,user932@gmail.com,+917573554934
POT000095,17.38177763546988,78.47979510965287,O,neg,not-contacted,2025-07-07,synthetic,user943@yahoo.co.in,+917352527158
POT000096,17.38391029832333,77.35830217463099,,,not-contacted,2025-05-11,synthetic,user953@outlook.com,+918503809710
POT000097,17.400929921621483,78.47901799595273,B,pos,not-contacted,2025-10-25,synthetic,user962@example.com,+916782874007
POT000098,17.403666305834715,79.11337015123368,A,pos,not-contacted,2026-04-20,synthetic,user972@gmail.com,+919169943992
POT000099,17.411419967202352,78.45881027840723,A,pos,not-contacted,2025-09-18,synthetic,user983@yahoo.co.in,+918141468535
POT000100,17.373327639002767,79.125923266999,,,not-contacted,2025-06-25,synthetic,user993@outlook.com,+916890135188
POT000101,17.35637437113657,78.46482875954361,A,pos,not-contacted,2025-05-01,synthetic,user1002@example.com,+917023895040
POT000102,17.406970826340622,72.85034271353986,,,not-contacted,2024-11-12,synthetic,user1012@gmail.com,+918637840807
POT000103,14.683974829874304,78.27922107504095,,,not-contacted,2025-05-16,synthetic,user1023@yahoo.co.in,+918945038289
POT000104,17.38669637987056,78.46612849206808,A,pos,not-contacted,2024-08-05,synthetic,user1033@outlook.com,+916181016416
POT000105,17.409006262778544,78.49710669750178,,,not-contacted,2026-03-17,synthetic,user1042@example.com,+916471131411
POT000106,18.115327744125267,80.20833278891878,,,not-contacted,2025-08-23,synthetic,user1052@gmail.com,+918704065527
POT000107,17.403863165023093,79.12058793686967,O,pos,not-contacted,2025-05-24,synthetic,user1063@yahoo.co.in,+918756429739
POT000108,17.378982095030484,78.49499034750042,O,pos,not-contacted,2025-01-06,synthetic,user1073@outlook.com,+919897717169
POT000109,17.40157090075193,72.86427076749484,,,not-contacted,2024-07-15,synthetic,user1082@example.com,+916213529080
POT000110,17.428012467844987,83.21167195884271,,,not-contacted,2025-05-08,synthetic,user1092@gmail.com,+918772648398
POT000111,17.418178084936038,78.4869658851535,,,not-contacted,2024-12-11,synthetic,user1103@yahoo.co.in,+919731415953
POT000112,17.401369419560222,78.48859217326415,B,pos,not-contacted,2025-02-10,synthetic,user1113@outlook.com,+917728270681
POT000113,17.41074594273822,79.10514829766362,B,pos,not-contacted,2025-02-15,synthetic,user1122@example.com,+919274084910
POT000114,17.420663722901548,78.4773502096049,,,not-contacted,2025-05-26,synthetic,user1132@gmail.com,+919708929122
POT000115,17.331608108370794,79.62643500115617,O,pos,not-contacted,2024-09-05,synthetic,user1143@yahoo.co.in,+917718986963
POT000116,31.38814004216478,78.4657983977034,O,pos,not-contacted,2025-02-02,synthetic,user1153@outlook.com,+917193494548
POT000117,17.368130813704248,78.45340782631824,,,not-contacted,2026-02-10,synthetic,user1162@example.com,+916402689022
POT000118,17.382362762355342,78.29844903521784,,,not-contacted,2025-08-26,synthetic,user1172@gmail.com,+917016731359
POT000119,17.38179521123298,78.4760141015206,O,pos,not-contacted,2025-06-29,synthetic,user1183@yahoo.co.in,+918183806136
POT000120,17.397188385925904,78.45682445574163,A,pos,not-contacted,2025-10-09,synthetic,user1193@outlook.com,+916885056557
POT000121,17.38964171297211,72.86260005847976,,,not-contacted,2024-06-19,synthetic,user1202@example.com,+917430102556
POT000122,17.6224929715742,78.48303791688116,,,not-contacted,2025-11-30,synthetic,user1212@gmail.com,+917617895033
POT000123,17.395819495857157,78.47034847280291,O,neg,not-contacted,2026-02-16,synthetic,user1223@yahoo.co.in,+919668417393
POT000124,17.410566903616782,78.57003887507696,A,pos,not-contacted,2025-07-08,synthetic,user1233@outlook.com,+918756933294
POT000125,14.690976713417957,78.6267374102651,AB,pos,not-contacted,2025-07-27,synthetic,user1242@example.com,+917742409458
POT000126,17.363188205897938,77.58752812823501,,,not-contacted,2025-04-03,synthetic,user1252@gmail.com,+918221754610
POT000127,17.375543394925536,78.4819488943155,B,pos,not-contacted,2025-11-25,synthetic,user1263@yahoo.co.in,+916033693394
POT000128,17.493837827030287,78.29816569747102,B,pos,not-contacted,2024-11-17,synthetic,user1273@outlook.com,+919927579908
POT000129,19.012735093442682,78.49251930074394,,,not-contacted,2025-10-24,synthetic,user1282@example.com,+918442309118
POT000130,17.404252778996966,78.09730147388447,AB,pos,not-contacted,2025-11-01,synthetic,user1292@gmail.com,+918053509104
POT000131,17.4059952380696,78.55890298542637,B,pos,not-contacted,2025-05-31,synthetic,user1303@yahoo.co.in,+918556074168
POT000132,17.408073481415,78.4589869562839,,,not-contacted,2025-03-30,synthetic,user1313@outlook.com,+918368950804
POT000133,17.4202106658499,78.4543299201378,,,not-contacted,2025-10-01,synthetic,user1322@example.com,+916353685996
POT000134,17.395067792837764,78.47673285747884,,,not-contacted,2026-03-14,synthetic,user1332@gmail.com,+917036145693
POT000135,13.062638803584154,78.4543459522752,A,pos,not-contacted,2026-03-05,synthetic,user1343@yahoo.co.in,+919134596973
POT000136,21.158208584285052,79.08875979595177,O,pos,not-contacted,2024-08-16,synthetic,user1353@outlook.com,+916273014933
POT000137,17.4233555111114,78.47016639434706,O,pos,not-contacted,2026-01-14,synthetic,user1362@example.com,+918913647447
POT000138,17.376431259639226,78.59539612889343,B,pos,not-contacted,2024-11-29,synthetic,user1372@gmail.com,+918254589661
POT000139,17.409954754883454,78.49667378074167,O,pos,not-contacted,2026-05-21,synthetic,user1383@yahoo.co.in,+918738966593
POT000140,17.3986136788584,78.47755680395701,A,pos,not-contacted,2025-04-27,synthetic,user1393@outlook.com,+919726948485
POT000141,17.150419406251967,78.46308414391436,A,pos,not-contacted,2024-12-28,synthetic,user1402@example.com,+919406494471
POT000142,17.39957451694716,78.47260368286507,O,pos,not-contacted,2024-10-10,synthetic,user1412@gmail.com,+916536411100
POT000143,17.974561096611215,78.47743213013558,O,pos,not-contacted,2025-02-25,synthetic,user1423@yahoo.co.in,+919865146538
POT000144,17.51189798991276,78.02871583391594,A,pos,not-contacted,2024-08-28,synthetic,user1433@outlook.com,+917826803378
POT000145,17.388308008901248,78.48266557292641,O,pos,not-contacted,2025-01-28,synthetic,user1442@example.com,+916674954044
POT000146,17.347337274685692,81.98496819501511,,,not-contacted,2025-08-14,synthetic,user1452@gmail.com,+918368997603
POT000147,17.403039075511074,78.575780098378,,,not-contacted,2025-11-30,synthetic,user1463@yahoo.co.in,+919087300178
POT000148,15.141260049202934,78.4765774726657,O,pos,not-contacted,2024-11-13,synthetic,user1473@outlook.com,+919930473385
POT000149,17.396577002960253,78.47000524903491,A,pos,not-contacted,2026-04-29,synthetic,user1482@example.com,+916651912008
POT000150,17.048018590677255,78.51778294835906,O,pos,not-contacted,2024-11-04,synthetic,user1492@gmail.com,+916876401352
POT000151,17.40656141199514,78.47064373222459,,,not-contacted,2025-12-10,synthetic,user1503@yahoo.co.in,+917653669099
POT000152,17.506107229971256,78.46685604784864,B,pos,not-contacted,2025-05-19,synthetic,user1513@outlook.com,+918359547139
POT000153,17.416583948781426,78.46036943168318,O,pos,not-contacted,2025-08-24,synthetic,user1522@example.com,+918644452913
POT000154,17.051663605855452,78.46935119309573,AB,pos,not-contacted,2026-01-25,synthetic,user1532@gmail.com,+918013834024
POT000155,17.407533975616204,80.67028827094066,B,pos,not-contacted,2024-06-15,synthetic,user1543@yahoo.co.in,+919693069877
POT000156,17.48359175669299,78.46439970546986,,,not-contacted,2024-12-31,synthetic,user1553@outlook.com,+918889391732
POT000157,13.214963009620039,78.4956383208215,A,pos,not-contacted,2025-08-21,synthetic,user1562@example.com,+918562673549
POT000158,17.388399012515347,78.46420912585984,A,pos,not-contacted,2025-08-16,synthetic,user1572@gmail.com,+918356737831
POT000159,16.584873966823928,77.5969535855097,O,pos,not-contacted,2025-07-08,synthetic,user1583@yahoo.co.in,+918342484329
POT000160,17.382842579211562,78.48068567725828,,,not-contacted,2025-03-07,synthetic,user1593@outlook.com,+918144129416
POT000161,17.380632662315943,78.49776192542733,,,not-contacted,2025-05-21,synthetic,user1602@example.com,+917496730688
POT000162,17.372768617672374,77.5794693874507,O,pos,not-contacted,2024-08-10,synthetic,user1612@gmail.com,+918637557161
POT000163,17.401245118594456,78.4837249960761,O,pos,not-contacted,2026-02-24,synthetic,user1623@yahoo.co.in,+919254133866
POT000164,21.15957768064198,78.45624916725023,AB,pos,not-contacted,2024-10-25,synthetic,user1633@outlook.com,+917547893153
POT000165,17.39437746431778,78.47596959008973,B,pos,not-contacted,2024-08-28,synthetic,user1641@example.com,+917216280061
POT000166,18.099441453654904,78.46878563045044,,,not-contacted,2025-06-29,synthetic,user1651@gmail.com,+918367229835
POT000167,17.407123854363494,78.45110554821397,,,not-contacted,2025-05-04,synthetic,user1661@yahoo.co.in,+916301411891
POT000168,13.274135423512258,77.57628834745294,,,not-contacted,2024-10-12,synthetic,user1672@outlook.com,+919835611713
POT000169,17.044455829568395,79.59436685111959,B,pos,not-contacted,2024-10-02,synthetic,user1681@example.com,+918036797916
POT000170,17.502028678480382,78.47532687677285,AB,pos,not-contacted,2024-07-10,synthetic,user1691@gmail.com,+916389834509
POT000171,17.38185448649912,80.24938381822518,O,pos,not-contacted,2025-01-18,synthetic,user1701@yahoo.co.in,+916159859697
POT000172,17.38399238233368,75.41485041842137,O,pos,not-contacted,2025-02-20,synthetic,user1712@outlook.com,+919621556079
POT000173,17.44615164375868,78.45687703200731,,,not-contacted,2025-01-31,synthetic,user1721@example.com,+916475840792
POT000174,17.39256388454168,78.47165137352309,,,not-contacted,2024-09-09,synthetic,user1731@gmail.com,+918036039344
POT000175,17.403309655417008,78.49243517205069,,,not-contacted,2024-08-10,synthetic,user1741@yahoo.co.in,+917774332665
POT000176,17.407133846227723,78.34168416429183,AB,pos,not-contacted,2026-01-28,synthetic,user1752@outlook.com,+918035767316
POT000177,17.924242348720135,78.45228841421894,O,pos,not-contacted,2026-05-16,synthetic,user1761@example.com,+919051679825
POT000178,17.453827378000476,78.45847705922061,,,not-contacted,2025-07-31,synthetic,user1771@gmail.com,+917867964465
POT000179,17.403297348632172,78.47198265452538,AB,pos,not-contacted,2025-05-16,synthetic,user1781@yahoo.co.in,+916163294523
POT000180,17.388268056532894,78.4625648751446,,,not-contacted,2025-10-06,synthetic,user1792@outlook.com,+917023170700
POT000181,17.39173559084128,78.4528194330515,,,not-contacted,2025-02-09,synthetic,user1801@example.com,+916096496662
POT000182,17.345013485559285,78.49209712246792,AB,pos,not-contacted,2025-03-10,synthetic,user1811@gmail.com,+917818173213
POT000183,17.37787967182872,78.46346949221825,O,pos,not-contacted,2026-05-28,synthetic,user1821@yahoo.co.in,+917174579137
POT000184,17.409054447855297,79.04434995673701,O,pos,not-contacted,2025-04-23,synthetic,user1832@outlook.com,+916147211773
POT000185,17.417777558854528,78.47175272069966,B,pos,not-contacted,2025-04-13,synthetic,user1841@example.com,+918662320454
POT000186,17.379105012983423,72.9488550667138,,,not-contacted,2026-04-25,synthetic,user1851@gmail.com,+916267297777
POT000187,14.676880703130657,72.86402573791267,O,pos,not-contacted,2025-07-09,synthetic,user1861@yahoo.co.in,+916080196430
POT000188,17.39516542082698,78.53493507842961,O,pos,not-contacted,2026-05-10,synthetic,user1872@outlook.com,+916876278687
POT000189,17.378044931917973,78.456064707336,,,not-contacted,2025-06-17,synthetic,user1881@example.com,+919169075748
POT000190,17.480103831088613,79.32320162350649,,,not-contacted,2026-04-15,synthetic,user1891@gmail.com,+918183443647
POT000191,17.39200751528588,78.45286673138844,,,not-contacted,2025-12-06,synthetic,user1901@yahoo.co.in,+917374199540
POT000192,21.13927588853949,78.49027357390695,O,pos,not-contacted,2025-06-02,synthetic,user1912@outlook.com,+917703611409
POT000193,17.373685348026648,78.50209780996448,B,pos,not-contacted,2025-04-30,synthetic,user1921@example.com,+919123878961
POT000194,31.35632995066859,78.44983378469976,,,not-contacted,2026-03-30,synthetic,user1931@gmail.com,+916522872327
POT000195,19.47023013579216,78.47682478109176,B,pos,not-contacted,2025-06-03,synthetic,user1941@yahoo.co.in,+919529232952
POT000196,15.172577264005264,78.4866765433525,,,not-contacted,2025-04-08,synthetic,user1952@outlook.com,+919878182828
POT000197,17.40037364897329,78.44894595272734,,,not-contacted,2025-04-26,synthetic,user1961@example.com,+917670848446
POT000198,19.49934429463386,79.06647472807197,AB,pos,not-contacted,2025-03-02,synthetic,user1971@gmail.com,+916313884595
POT000199,17.416583525484807,78.45554606279248,A,pos,not-contacted,2024-08-26,synthetic,user1981@yahoo.co.in,+919135376227
POT000200,17.38591114896004,78.44194580353575,AB,pos,not-contacted,2025-06-06,synthetic,user1992@outlook.com,+919957378248
POT000201,17.39033183616628,78.48282301605404,B,pos,not-contacted,2026-04-25,synthetic,user2001@example.com,+918334424869
POT000202,17.3987615059118,79.05885601737651,,,not-contacted,2024-10-15,synthetic,user2011@gmail.com,+918768544888
POT000203,17.411027238665454,78.37653659471428,B,pos,not-contacted,2025-08-29,synthetic,user2021@yahoo.co.in,+918819909694
POT000204,19.223509840139986,78.49907686200852,O,pos,not-contacted,2025-10-02,synthetic,user2032@outlook.com,+916389687747
POT000205,17.383253117313792,78.4579271623874,O,pos,not-contacted,2026-03-13,synthetic,user2041@example.com,+918616163584
POT000206,17.378379028107265,78.45793238797505,B,pos,not-contacted,2026-04-02,synthetic,user2051@gmail.com,+917917591028
POT000207,15.161585049902317,78.4734524775676,O,pos,not-contacted,2025-09-04,synthetic,user2061@yahoo.co.in,+919430387035
POT000208,18.915009130544068,78.47778027658885,B,pos,not-contacted,2026-02-22,synthetic,user2072@outlook.com,+918960071010
POT000209,17.394446650020953,78.4540710633306,A,pos,not-contacted,2024-07-23,synthetic,user2081@example.com,+919009544468
POT000210,17.411941655281165,78.51325849222923,O,pos,not-contacted,2025-06-04,synthetic,user2091@gmail.com,+918394691465
POT000211,17.370952228661416,79.0852834168661,A,neg,not-contacted,2026-02-09,synthetic,user2101@yahoo.co.in,+916597626784
POT000212,17.415110875474724,78.48397083193404,B,pos,not-contacted,2024-11-29,synthetic,user2112@outlook.com,+918895443202
POT000213,17.400400178030264,78.47220859928717,O,pos,not-contacted,2026-04-25,synthetic,user2121@example.com,+918520225075
POT000214,17.36793619261302,78.45290156183786,,,not-contacted,2025-07-04,synthetic,user2131@gmail.com,+918490339379
POT000215,18.95206254915528,79.64883635260097,B,neg,not-contacted,2025-06-16,synthetic,user2141@yahoo.co.in,+916935857581
POT000216,18.426113984050122,78.48048350274998,,,not-contacted,2024-08-17,synthetic,user2152@outlook.com,+919472723885
POT000217,17.40130537106275,78.44761646784806,,,not-contacted,2025-01-18,synthetic,user2161@example.com,+919936761689
POT000218,17.403121879997343,78.46037748499131,A,pos,not-contacted,2024-09-24,synthetic,user2171@gmail.com,+919741024239
POT000219,18.447332350759332,78.45300966064886,B,pos,not-contacted,2025-12-20,synthetic,user2181@yahoo.co.in,+917320883315
POT000220,17.371637251323097,78.47081985483409,,,not-contacted,2025-12-03,synthetic,user2192@outlook.com,+917587241627
POT000221,14.669833918946221,78.50499850437626,B,pos,not-contacted,2025-05-07,synthetic,user2201@example.com,+919958027645
POT000222,17.37431281722918,78.46236085088783,AB,pos,not-contacted,2024-09-01,synthetic,user2211@gmail.com,+918547499180
POT000223,17.376128475072548,78.46934144851477,,,not-contacted,2025-05-16,synthetic,user2221@yahoo.co.in,+918678867583
POT000224,19.114901301201325,78.47313382422068,A,pos,not-contacted,2025-01-05,synthetic,user2232@outlook.com,+918720904600
POT000225,17.38182487822863,78.4978015153311,B,pos,not-contacted,2025-07-06,synthetic,user2241@example.com,+917699360102
POT000226,17.376036419001355,78.46042671971425,,,not-contacted,2025-11-13,synthetic,user2251@gmail.com,+919900191304
POT000227,19.47217199166991,78.44833588212066,,,not-contacted,2024-07-24,synthetic,user2261@yahoo.co.in,+916703903567
POT000228,17.459349358712355,79.28359244994272,B,pos,not-contacted,2026-02-07,synthetic,user2272@outlook.com,+916360389519
POT000229,17.39068090318072,78.46764762887973,B,pos,not-contacted,2025-09-12,synthetic,user2281@example.com,+916369792988
POT000230,17.130230489289733,78.4935466853235,,,not-contacted,2024-09-04,synthetic,user2291@gmail.com,+916203013870
POT000231,17.368258300218773,78.4681595188695,,,not-contacted,2026-02-04,synthetic,user2301@yahoo.co.in,+918368753903
POT000232,17.39569789544,78.38257309882734,O,pos,not-contacted,2024-10-20,synthetic,user2312@outlook.com,+916079560840
POT000233,17.15081928183749,78.47407015937526,,,not-contacted,2025-08-21,synthetic,user2321@example.com,+918044981400
POT000234,17.381975212379228,77.59533330936212,,,not-contacted,2024-11-27,synthetic,user2331@gmail.com,+916927218555
POT000235,17.44277760773284,78.4553037831935,O,pos,not-contacted,2024-10-12,synthetic,user2341@yahoo.co.in,+919839434910
POT000236,17.421820966663194,78.45096588715884,,,not-contacted,2024-08-30,synthetic,user2352@outlook.com,+919393123088
POT000237,17.372762422043277,79.06355692034909,B,neg,not-contacted,2025-02-14,synthetic,user2361@example.com,+919921010615
POT000238,17.374274082347828,78.49890222110474,,,not-contacted,2025-10-08,synthetic,user2371@gmail.com,+917554799759
POT000239,17.42877820223921,78.49447029425383,O,neg,not-contacted,2025-08-13,synthetic,user2381@yahoo.co.in,+916860488856
POT000240,17.396072828462056,78.48510852905154,O,pos,not-contacted,2026-03-18,synthetic,user2392@outlook.com,+919256875481
POT000241,17.409505902674837,77.57957096590249,,,not-contacted,2026-01-31,synthetic,user2401@example.com,+917632891621
POT000242,17.39020375819405,78.54693758814581,,,not-contacted,2026-01-22,synthetic,user2411@gmail.com,+917018322522
POT000243,17.40294801689755,78.46306815636058,B,pos,not-contacted,2025-01-15,synthetic,user2421@yahoo.co.in,+918635989060
POT000244,17.491045567378954,78.5595511639492,,,not-contacted,2026-02-02,synthetic,user2432@outlook.com,+916848537964
POT000245,17.40773590025212,78.4400118372106,O,pos,not-contacted,2025-04-07,synthetic,user2441@example.com,+918797008571
POT000246,17.39686601331041,78.05114850066514,,,not-contacted,2026-04-19,synthetic,user2451@gmail.com,+918605401974
POT000247,18.79595844054398,78.45261004962458,,,not-contacted,2024-07-28,synthetic,user2461@yahoo.co.in,+916860517361
POT000248,17.314319069728928,78.44124350290984,AB,pos,not-contacted,2024-11-03,synthetic,user2472@outlook.com,+916020474947
POT000249,17.390679296304672,78.50001287000227,B,pos,not-contacted,2026-01-05,synthetic,user2481@example.com,+917431945419
POT000250,17.395071524939713,77.57833273336516,,,not-contacted,2026-05-15,synthetic,user2491@gmail.com,+918985968073
POT000251,18.776531429745933,78.46310696868854,O,pos,not-contacted,2024-12-05,synthetic,user2501@yahoo.co.in,+919569878062
POT000252,13.247765031832484,77.59838994309614,AB,neg,not-contacted,2025-05-02,synthetic,user2512@outlook.com,+916942026259
POT000253,15.818913338472205,78.47397933713779,,,not-contacted,2025-11-25,synthetic,user2521@example.com,+919646848656
POT000254,17.368785078012355,78.45425581225801,,,not-contacted,2024-06-20,synthetic,user2531@gmail.com,+917173478890
POT000255,19.482591041737084,78.46793771925324,,,not-contacted,2026-05-01,synthetic,user2541@yahoo.co.in,+916939215290
POT000256,17.36116915080829,78.41118592862969,,,not-contacted,2025-09-16,synthetic,user2552@outlook.com,+916920439062
POT000257,17.401345300629423,78.50065829823502,O,pos,not-contacted,2025-03-22,synthetic,user2561@example.com,+916290866690
POT000258,17.38621952651053,78.44797546028727,B,pos,not-contacted,2026-04-06,synthetic,user2571@gmail.com,+918357414973
POT000259,17.477749710097275,78.46228245318682,O,pos,not-contacted,2025-01-21,synthetic,user2581@yahoo.co.in,+919208644197
POT000260,17.36783830226023,78.46490747319643,,,not-contacted,2024-06-15,synthetic,user2592@outlook.com,+919131938566
POT000261,17.33600139617152,78.4801208410051,O,pos,not-contacted,2024-09-06,synthetic,user2601@example.com,+919868447918
POT000262,17.383817569268352,78.47149065225406,,,not-contacted,2025-04-19,synthetic,user2611@gmail.com,+918786759188
POT000263,17.422871180824167,79.32617356283905,,,not-contacted,2024-07-28,synthetic,user2621@yahoo.co.in,+916215608749
POT000264,17.049678779452922,78.46322273522703,O,pos,not-contacted,2024-12-29,synthetic,user2632@outlook.com,+918148535084
POT000265,17.37374759170142,72.86041127980597,O,pos,not-contacted,2025-11-09,synthetic,user2641@example.com,+917147016656
POT000266,17.393947853492726,78.4693004825424,A,pos,not-contacted,2025-10-13,synthetic,user2651@gmail.com,+919394874174
POT000267,17.40996336248143,72.82159056617874,B,neg,not-contacted,2025-12-18,synthetic,user2661@yahoo.co.in,+916923398691
POT000268,17.410510014020492,81.98796826504524,,,not-contacted,2024-11-23,synthetic,user2672@outlook.com,+919801259225
POT000269,17.417216075043196,78.38619893377135,A,pos,not-contacted,2026-06-01,synthetic,user2681@example.com,+917156625944
POT000270,17.381094180166734,79.0711133741495,,,not-contacted,2025-01-03,synthetic,user2691@gmail.com,+917486694489
POT000271,17.38773990537972,78.48523512212249,O,pos,not-contacted,2025-10-25,synthetic,user2701@yahoo.co.in,+917835284088
POT000272,17.375861897329347,78.56550548168934,,,not-contacted,2025-09-15,synthetic,user2712@outlook.com,+919118346417
POT000273,17.39245224832437,78.55083975186572,O,pos,not-contacted,2024-11-25,synthetic,user2721@example.com,+918067949637
POT000274,17.375481499022733,79.28009588454485,,,not-contacted,2025-09-24,synthetic,user2731@gmail.com,+916351464248
POT000275,17.522378906393453,78.28881112707916,,,not-contacted,2026-03-05,synthetic,user2741@yahoo.co.in,+919847653935
POT000276,17.416103716430488,78.47858464695267,O,pos,not-contacted,2025-11-06,synthetic,user2752@outlook.com,+916932789380
POT000277,21.167685211927314,78.47628960618253,O,pos,not-contacted,2026-05-09,synthetic,user2761@example.com,+916283575782
POT000278,17.375686723191208,78.58399451586986,,,not-contacted,2025-06-11,synthetic,user2771@gmail.com,+916802752097
POT000279,14.680411526719704,78.48931908643264,,,not-contacted,2025-06-09,synthetic,user2781@yahoo.co.in,+916033628221
POT000280,17.37265733313154,78.46774827975561,,,not-contacted,2026-05-20,synthetic,user2792@outlook.com,+919410471984
POT000281,19.471181660105493,78.45630254872736,B,pos,not-contacted,2025-02-02,synthetic,user2801@example.com,+917535020857
POT000282,17.707871279797722,78.49566024309048,B,pos,not-contacted,2024-09-13,synthetic,user2811@gmail.com,+919423062162
POT000283,17.458094262408512,78.50029104363252,A,pos,not-contacted,2025-01-13,synthetic,user2821@yahoo.co.in,+918082927916
POT000284,17.369234115200154,78.07504438848703,O,pos,not-contacted,2026-02-25,synthetic,user2832@outlook.com,+919873564024
POT000285,17.395431756329202,78.53800714131718,A,pos,not-contacted,2025-01-19,synthetic,user2841@example.com,+916914869113
POT000286,17.445867833049306,78.47347538054254,A,pos,not-contacted,2025-03-30,synthetic,user2851@gmail.com,+916133982979
POT000287,17.37711213277564,78.47043973399886,B,pos,not-contacted,2024-10-25,synthetic,user2861@yahoo.co.in,+916591594483
POT000288,21.147947645300352,78.47331726750814,B,pos,not-contacted,2025-10-13,synthetic,user2872@outlook.com,+916133413141
POT000289,14.687894854068064,78.52416720107996,,,not-contacted,2024-09-23,synthetic,user2881@example.com,+919583748257
POT000290,15.180673586434954,78.45765777937541,,,not-contacted,2025-01-24,synthetic,user2891@gmail.com,+917204330036
POT000291,17.417872164376703,78.48193223642343,,,not-contacted,2026-01-05,synthetic,user2901@yahoo.co.in,+916536942077
POT000292,18.449867485692785,78.47338782076208,AB,pos,not-contacted,2024-07-21,synthetic,user2912@outlook.com,+916589896339
POT000293,17.405634464000574,78.47579813145916,,,not-contacted,2025-06-04,synthetic,user2921@example.com,+917389894662
POT000294,17.382067350161133,79.1087286045557,,,not-contacted,2024-09-04,synthetic,user2931@gmail.com,+918041176750
POT000295,17.40791183930343,78.47212818680978,B,pos,not-contacted,2025-08-20,synthetic,user2941@yahoo.co.in,+917178426294
POT000296,17.538855962432102,78.48038176644782,B,pos,not-contacted,2025-05-18,synthetic,user2952@outlook.com,+918679160011
POT000297,17.408718871905013,78.61152890756365,B,pos,not-contacted,2024-07-25,synthetic,user2961@example.com,+916063285922
POT000298,17.37263314346219,78.47720152316538,O,pos,not-contacted,2025-06-22,synthetic,user2971@gmail.com,+916310517199
POT000299,14.678416992396066,78.4760320941608,O,pos,not-contacted,2025-08-14,synthetic,user2981@yahoo.co.in,+916992738238
POT000300,17.961153265240927,78.47244008287036,O,pos,not-contacted,2024-07-28,synthetic,user2992@outlook.com,+917525721284
POT000301,17.385156857957075,83.20169576812398,B,pos,not-contacted,2025-09-23,synthetic,user3001@example.com,+918930301258
POT000302,17.409205147485423,79.61647575125868,A,pos,not-contacted,2024-07-02,synthetic,user3011@gmail.com,+919494456319
POT000303,18.111152527233934,78.46734705631899,,,not-contacted,2026-01-10,synthetic,user3021@yahoo.co.in,+919036965759
POT000304,17.367950310083486,78.47163006277313,,,not-contacted,2026-02-07,synthetic,user3032@outlook.com,+917158467432
POT000305,17.38439143260011,78.50048413526285,AB,neg,not-contacted,2025-01-27,synthetic,user3041@example.com,+919844919637
POT000306,18.422596285718512,78.4402735252938,B,pos,not-contacted,2025-01-13,synthetic,user3051@gmail.com,+916664791738
POT000307,17.423028777952112,78.58949897282722,O,neg,not-contacted,2025-06-23,synthetic,user3061@yahoo.co.in,+917846680164
POT000308,17.290758737434576,78.52594051356098,AB,pos,not-contacted,2025-04-17,synthetic,user3072@outlook.com,+916711800087
POT000309,17.407839183974815,78.4455729106044,A,pos,not-contacted,2025-12-26,synthetic,user3081@example.com,+918118398226
POT000310,17.41697544981554,77.58011821323588,O,pos,not-contacted,2025-06-19,synthetic,user3091@gmail.com,+916968457923
POT000311,17.40590620561053,79.08144575722777,O,pos,not-contacted,2025-07-10,synthetic,user3101@yahoo.co.in,+919916980660
POT000312,17.408647695094526,78.4899305624739,O,pos,not-contacted,2026-05-13,synthetic,user3112@outlook.com,+917732769626
POT000313,17.396725067753472,78.46635967622476,,,not-contacted,2024-08-19,synthetic,user3121@example.com,+918819740208
POT000314,14.661566689239221,78.54702354682783,O,pos,not-contacted,2024-11-03,synthetic,user3131@gmail.com,+919018601911
POT000315,17.70293184759955,78.47932361745214,B,pos,not-contacted,2026-05-22,synthetic,user3141@yahoo.co.in,+917851166935
POT000316,17.38419664492165,78.46309465482005,A,pos,not-contacted,2025-07-28,synthetic,user3152@outlook.com,+919677627253
POT000317,17.38093781819284,77.58365020116716,,,not-contacted,2025-12-26,synthetic,user3161@example.com,+918386489527
POT000318,17.41371252325966,78.4593345593995,A,pos,not-contacted,2025-10-19,synthetic,user3171@gmail.com,+919027742487
POT000319,17.377002911528827,78.47549691980512,O,pos,not-contacted,2025-07-21,synthetic,user3181@yahoo.co.in,+916735995054
POT000320,17.369377311377132,78.4484196641668,O,pos,not-contacted,2025-08-01,synthetic,user3192@outlook.com,+918520540252
POT000321,17.409564734767848,78.44730552222767,,,not-contacted,2025-03-30,synthetic,user3201@example.com,+919681699193
POT000322,17.410299860745642,77.37962892163182,AB,neg,not-contacted,2026-01-09,synthetic,user3211@gmail.com,+918970195702
POT000323,17.456242352237194,79.31929474168832,A,pos,not-contacted,2024-09-24,synthetic,user3221@yahoo.co.in,+918879702745
POT000324,17.367784314914427,78.49525286026667,AB,pos,not-contacted,2024-07-04,synthetic,user3232@outlook.com,+919122954918
POT000325,17.40211584609019,78.47767407875982,O,pos,not-contacted,2025-10-30,synthetic,user3241@example.com,+916639542274
POT000326,17.415666392033096,82.00707324170592,O,pos,not-contacted,2025-09-28,synthetic,user3251@gmail.com,+918031795016
POT000327,19.105220531786202,78.48651730011629,A,pos,not-contacted,2025-07-20,synthetic,user3261@yahoo.co.in,+918785351011
POT000328,17.380877798183487,78.43697770609663,,,not-contacted,2025-02-12,synthetic,user3272@outlook.com,+918577723343
POT000329,17.40045031190921,78.29197711308973,B,pos,not-contacted,2026-01-18,synthetic,user3281@example.com,+916656216519
POT000330,17.39893929062825,78.48680705126982,O,neg,not-contacted,2025-12-20,synthetic,user3291@gmail.com,+918755341750
POT000331,17.397516175595864,78.47621646109222,A,pos,not-contacted,2026-03-16,synthetic,user3301@yahoo.co.in,+918583163207
POT000332,17.41101450281112,78.5332866673384,,,not-contacted,2024-07-29,synthetic,user3312@outlook.com,+916300185158
POT000333,17.37218253098489,78.45878540182477,AB,pos,not-contacted,2026-06-03,synthetic,user3321@example.com,+917379351393
POT000334,31.355389622076434,78.46525773090802,,,not-contacted,2024-07-20,synthetic,user3331@gmail.com,+918029578857
POT000335,17.411676444834935,78.47677891475554,,,not-contacted,2024-11-20,synthetic,user3341@yahoo.co.in,+919450806871
POT000336,14.707841345860341,78.4686697314745,,,not-contacted,2025-06-30,synthetic,user3352@outlook.com,+919552524220
POT000337,9.935143213128073,78.48377772609433,B,pos,not-contacted,2025-01-07,synthetic,user3361@example.com,+917364814300
POT000338,17.389465792363865,78.53826201650405,,,not-contacted,2025-05-03,synthetic,user3371@gmail.com,+916659517581
POT000339,17.521109334113913,78.3258567563401,A,pos,not-contacted,2025-03-02,synthetic,user3381@yahoo.co.in,+916988465515
POT000340,17.411331450244393,78.49858139385611,O,pos,not-contacted,2024-08-31,synthetic,user3392@outlook.com,+916840424334
POT000341,13.273462734546936,78.46391068532765,,,not-contacted,2025-02-06,synthetic,user3401@example.com,+918402995996
POT000342,17.400085449679437,72.81883559438462,O,pos,not-contacted,2025-05-06,synthetic,user3411@gmail.com,+919920490611
POT000343,17.400859699508743,78.45794595052094,,,not-contacted,2025-05-25,synthetic,user3421@yahoo.co.in,+918202978172
POT000344,17.41177502065753,78.58387567878253,,,not-contacted,2026-02-15,synthetic,user3432@outlook.com,+918400673170
POT000345,17.05937107761089,78.48751019013987,,,not-contacted,2026-03-17,synthetic,user3441@example.com,+917748978544
POT000346,14.709587403440667,78.46916360960233,B,pos,not-contacted,2024-11-26,synthetic,user3451@gmail.com,+919693985407
POT000347,17.403356176310233,79.27020382422648,A,pos,not-contacted,2024-06-25,synthetic,user3461@yahoo.co.in,+917554685617
POT000348,17.403600207186095,78.46279352949503,A,pos,not-contacted,2025-09-26,synthetic,user3472@outlook.com,+918652735490
POT000349,17.417152276929542,78.32237685307913,O,pos,not-contacted,2025-06-18,synthetic,user3481@example.com,+916060185717
POT000350,17.40618950100959,77.5901632179042,B,pos,not-contacted,2026-01-07,synthetic,user3491@gmail.com,+917432224149
POT000351,21.13558518867787,78.26784724473202,AB,pos,not-contacted,2025-07-02,synthetic,user3501@yahoo.co.in,+917521500239
POT000352,17.36731324386196,78.48864903879758,A,pos,not-contacted,2026-02-13,synthetic,user3512@outlook.com,+916622783225
POT000353,17.452817916448343,78.45758515289891,,,not-contacted,2025-08-07,synthetic,user3521@example.com,+919812446884
POT000354,17.36773205288928,78.44636406462934,,,not-contacted,2025-02-19,synthetic,user3531@gmail.com,+917267676843
POT000355,17.414191972228643,78.45512956980586,B,pos,not-contacted,2026-05-16,synthetic,user3541@yahoo.co.in,+916704191729
POT000356,17.45276087839168,78.04125121674582,B,pos,not-contacted,2024-07-14,synthetic,user3552@outlook.com,+918991101149
POT000357,17.399675854082798,78.46987669898617,O,pos,not-contacted,2026-05-02,synthetic,user3561@example.com,+917747506079
POT000358,17.600058735789716,78.55396520469601,A,pos,not-contacted,2025-01-16,synthetic,user3571@gmail.com,+917623381280
POT000359,31.379065002699758,75.3888572598571,O,pos,not-contacted,2025-06-03,synthetic,user3581@yahoo.co.in,+919689332669
POT000360,13.000248691522197,78.5718248259619,,,not-contacted,2024-11-30,synthetic,user3592@outlook.com,+919834868244
POT000361,17.395281250783807,78.48596274528789,O,pos,not-contacted,2025-08-25,synthetic,user3601@example.com,+916461880915
POT000362,17.407022621626393,78.4691710379076,A,pos,not-contacted,2025-08-28,synthetic,user3611@gmail.com,+919578619933
POT000363,17.40098313525472,78.46406241383838,,,not-contacted,2025-05-16,synthetic,user3621@yahoo.co.in,+918873753902
POT000364,17.407334224793285,78.48094576694159,O,pos,not-contacted,2025-11-18,synthetic,user3632@outlook.com,+916104884799
POT000365,17.406577888225154,78.4746520669564,O,pos,not-contacted,2024-11-29,synthetic,user3641@example.com,+918444837550
POT000366,17.42391599546719,78.60259204569917,A,pos,not-contacted,2025-11-24,synthetic,user3651@gmail.com,+918073955872
POT000367,17.386182996404806,78.46504951712907,,,not-contacted,2025-10-01,synthetic,user3661@yahoo.co.in,+919308732055
POT000368,17.384789871322575,78.47862612220715,,,not-contacted,2024-12-02,synthetic,user3672@outlook.com,+918782183314
POT000369,18.80190320299654,78.46471757263535,,,not-contacted,2026-02-05,synthetic,user3681@example.com,+918370096989
POT000370,17.488979144248457,78.46045659505718,O,pos,not-contacted,2025-11-29,synthetic,user3691@gmail.com,+918459357485
POT000371,17.398788500741063,78.60184102453363,O,pos,not-contacted,2025-06-19,synthetic,user3701@yahoo.co.in,+917415170982
POT000372,19.129528022537833,78.46621666630122,,,not-contacted,2024-11-23,synthetic,user3712@outlook.com,+918371591940
POT000373,17.0550889714669,78.44291670549245,O,pos,not-contacted,2024-10-03,synthetic,user3721@example.com,+918799064051
POT000374,17.332374638990384,79.07132015666983,B,pos,not-contacted,2024-08-12,synthetic,user3731@gmail.com,+917904639822
POT000375,17.3856943262701,78.44504574819726,,,not-contacted,2024-09-16,synthetic,user3741@yahoo.co.in,+918176266951
POT000376,19.12379915695134,78.48002922115792,O,pos,not-contacted,2024-06-18,synthetic,user3752@outlook.com,+916666954245
POT000377,17.551520385928107,78.47064961677071,O,pos,not-contacted,2026-04-29,synthetic,user3761@example.com,+917319433799
POT000378,18.78554333304652,81.44648115317207,,,not-contacted,2025-04-03,synthetic,user3771@gmail.com,+917588037806
POT000379,18.46025587705705,72.8500840359274,B,pos,not-contacted,2025-09-22,synthetic,user3781@yahoo.co.in,+917966448897
POT000380,17.38658721425944,79.06178712241885,,,not-contacted,2025-05-26,synthetic,user3792@outlook.com,+919974139951
POT000381,15.819252824073125,78.47514710157718,,,not-contacted,2024-06-25,synthetic,user3801@example.com,+916176008983
POT000382,17.479925053173783,78.47967275001196,,,not-contacted,2024-11-19,synthetic,user3811@gmail.com,+918017291688
POT000383,15.17200740494641,78.53389271695858,O,pos,not-contacted,2025-11-29,synthetic,user3821@yahoo.co.in,+919184279535
POT000384,17.39598269730779,78.48223213552214,B,neg,not-contacted,2025-01-02,synthetic,user3832@outlook.com,+919562396873
POT000385,18.934613835515393,78.48168701006053,,,not-contacted,2025-03-22,synthetic,user3841@example.com,+919396524701
POT000386,17.33636321528768,78.5365849023856,,,not-contacted,2024-08-01,synthetic,user3851@gmail.com,+918616940869
POT000387,17.454602542696843,78.4848839652351,B,pos,not-contacted,2025-01-13,synthetic,user3861@yahoo.co.in,+916040459157
POT000388,17.375861630274283,78.0383617489973,O,pos,not-contacted,2026-02-19,synthetic,user3872@outlook.com,+919734340798
POT000389,17.49649415140665,73.74364776962915,O,pos,not-contacted,2025-09-30,synthetic,user3881@example.com,+918551677601
POT000390,17.387991624734113,78.06010794524047,O,pos,not-contacted,2025-03-19,synthetic,user3891@gmail.com,+916710983007
POT000391,14.704764055185763,78.48250502449491,,,not-contacted,2024-06-20,synthetic,user3901@yahoo.co.in,+918779574088
POT000392,17.408774734074324,78.40790683477131,,,not-contacted,2026-02-05,synthetic,user3912@outlook.com,+916340695755
POT000393,17.403689668408678,77.60139084361548,,,not-contacted,2025-05-05,synthetic,user3921@example.com,+918512340442
POT000394,17.428540356532064,78.48388890474598,B,pos,not-contacted,2025-10-17,synthetic,user3931@gmail.com,+919568250565
POT000395,17.37474176098846,78.45428370504712,A,pos,not-contacted,2025-12-25,synthetic,user3941@yahoo.co.in,+917639892779
POT000396,17.37345848314091,78.4832522555832,O,pos,not-contacted,2026-02-27,synthetic,user3952@outlook.com,+918104439640
POT000397,17.371367205643885,78.49881290280695,A,pos,not-contacted,2025-01-07,synthetic,user3961@example.com,+919716596085
POT000398,19.109659346005454,77.5923189196142,A,pos,not-contacted,2025-05-04,synthetic,user3971@gmail.com,+916250607234
POT000399,21.14548835881069,78.46452419635496,,,not-contacted,2025-04-11,synthetic,user3981@yahoo.co.in,+919697799772
POT000400,17.373110530317856,78.45901556863807,,,not-contacted,2026-02-11,synthetic,user3992@outlook.com,+916184594840
